Channel Id,Channel Url,Channel Title
UC0bLYYHUyBsRQ6dgi8VAvOQ,http://www.youtube.com/channel/UC0bLYYHUyBsRQ6dgi8VAvOQ,SoulDrives
UC1Aha9aLmlkIbBN-iAttBzw,http://www.youtube.com/channel/UC1Aha9aLmlkIbBN-iAttBzw,Max Verstappen
UC1RO76_HDT13u-lPXOA0t9A,http://www.youtube.com/channel/UC1RO76_HDT13u-lPXOA0t9A,Tech Friend AJ
UC58LMAlfwtGRNR6Xpd4DlSA,http://www.youtube.com/channel/UC58LMAlfwtGRNR6Xpd4DlSA,Ligue 1 McDonald’s
UC6UL29enLNe4mqwTfAyeNuw,http://www.youtube.com/channel/UC6UL29enLNe4mqwTfAyeNuw,Bundesliga
UC7MGnWilDcg157op0eKI1Tg,http://www.youtube.com/channel/UC7MGnWilDcg157op0eKI1Tg,Henry DeSagu
UC7h4tUtdH0L06sDZVmBMc4Q,http://www.youtube.com/channel/UC7h4tUtdH0L06sDZVmBMc4Q,The Good Company KE
UC8lxnUR_CzruT2KA6cb7p0Q,http://www.youtube.com/channel/UC8lxnUR_CzruT2KA6cb7p0Q,Envato Tuts+
UC9x0AN7BWHpCDHSm9NiJFJQ,http://www.youtube.com/channel/UC9x0AN7BWHpCDHSm9NiJFJQ,NetworkChuck
UCBAeFXaLV1ZqKqc-Uf3pKaA,http://www.youtube.com/channel/UCBAeFXaLV1ZqKqc-Uf3pKaA,WELT Documentary
UCBJycsmduvYEL83R_U4JriQ,http://www.youtube.com/channel/UCBJycsmduvYEL83R_U4JriQ,Marques Brownlee
UCB_qr75-ydFVKSF9Dmo6izg,http://www.youtube.com/channel/UCB_qr75-ydFVKSF9Dmo6izg,FORMULA 1
UCBytjpA6kXSdVT9QCb4qvMg,http://www.youtube.com/channel/UCBytjpA6kXSdVT9QCb4qvMg,Sparekey
UCD6TPU-PvTMvqgzC_AM7_uA,http://www.youtube.com/channel/UCD6TPU-PvTMvqgzC_AM7_uA,The People Profiles
UCFG1zHs55s1my124O3Nk9DQ,http://www.youtube.com/channel/UCFG1zHs55s1my124O3Nk9DQ,Jalango TV
UCFpYIlyzhOKGjaDq5-hXrVQ,http://www.youtube.com/channel/UCFpYIlyzhOKGjaDq5-hXrVQ,The Bushka
UCIOcvCzPvAjbQdrmS2D95MQ,http://www.youtube.com/channel/UCIOcvCzPvAjbQdrmS2D95MQ,Kevin Black 
UCIRgR4iANHI2taJdz8hjwLw,http://www.youtube.com/channel/UCIRgR4iANHI2taJdz8hjwLw,Shmee150
UCK8sQmJBp8GCxrOtXWBpyEA,http://www.youtube.com/channel/UCK8sQmJBp8GCxrOtXWBpyEA,Google
UCLgEVx4mzk3T3mzgbKG54Eg,http://www.youtube.com/channel/UCLgEVx4mzk3T3mzgbKG54Eg,Hagerty
UCMiJRAwDNSNzuYeN2uWa0pA,http://www.youtube.com/channel/UCMiJRAwDNSNzuYeN2uWa0pA,Mrwhosetheboss
UCNye-wNBqNL5ZzHSJj3l8Bg,http://www.youtube.com/channel/UCNye-wNBqNL5ZzHSJj3l8Bg,Al Jazeera English
UCP2b1MXcuTshpCFNBcYEDyQ,http://www.youtube.com/channel/UCP2b1MXcuTshpCFNBcYEDyQ,SUNGURA
UCQIyqMWCdx1GBvbw_Yi6lEA,http://www.youtube.com/channel/UCQIyqMWCdx1GBvbw_Yi6lEA,Oracle Red Bull Racing
UCQJoT6HfpDIc_A75RLWHGuw,http://www.youtube.com/channel/UCQJoT6HfpDIc_A75RLWHGuw,Tech With Soleyman
UCQpPiXnHAGHTL7t_CCu3dZg,http://www.youtube.com/channel/UCQpPiXnHAGHTL7t_CCu3dZg,ThesaurusPG
UCRA09MX7wW5trvtKIx7coJw,http://www.youtube.com/channel/UCRA09MX7wW5trvtKIx7coJw,AWS Cloud Security User Group - West Africa
UCSUu1lih2RifWkKtDOJdsBA,http://www.youtube.com/channel/UCSUu1lih2RifWkKtDOJdsBA,NASASpaceflight
UCT5kqSGPJF8aFTyO_4bxN3Q,http://www.youtube.com/channel/UCT5kqSGPJF8aFTyO_4bxN3Q,OVERDRIVE
UCTR22zaU51pb2P72JS8oJtg,http://www.youtube.com/channel/UCTR22zaU51pb2P72JS8oJtg,Velian Speaks Tech
UCUHsXS2q7A7cTc8R6r31FRg,http://www.youtube.com/channel/UCUHsXS2q7A7cTc8R6r31FRg,Yiannimize
UCUK0HBIBWgM2c4vsPhkYY4w,http://www.youtube.com/channel/UCUK0HBIBWgM2c4vsPhkYY4w,The Slow Mo Guys
UCU_dVl8UkPXD6VugX1GOnuQ,http://www.youtube.com/channel/UCU_dVl8UkPXD6VugX1GOnuQ,STRIKE IT BIG
UCUhFaUpnq31m6TNX2VKVSVA,http://www.youtube.com/channel/UCUhFaUpnq31m6TNX2VKVSVA,carwow
UCV_neMqNISaN3HEoI32hDGg,http://www.youtube.com/channel/UCV_neMqNISaN3HEoI32hDGg,Rick'sF1Addiction
UCW39zufHfsuGgpLviKh297Q,http://www.youtube.com/channel/UCW39zufHfsuGgpLviKh297Q,DW Documentary
UCWFKCr40YwOZQx8FHU_ZqqQ,http://www.youtube.com/channel/UCWFKCr40YwOZQx8FHU_ZqqQ,JerryRigEverything
UCWOTXzJb7mV1E19TY3XP4RQ,http://www.youtube.com/channel/UCWOTXzJb7mV1E19TY3XP4RQ,Dark Tales from Around the World
UCWSjugr22siSGdEnc1D9iqg,http://www.youtube.com/channel/UCWSjugr22siSGdEnc1D9iqg,Tamii girl
UCXQ_4o9suWlKtAUUfqn9I5Q,http://www.youtube.com/channel/UCXQ_4o9suWlKtAUUfqn9I5Q,PUBG TV
UCXSFnQc5niQR7jHMf0U7aQA,http://www.youtube.com/channel/UCXSFnQc5niQR7jHMf0U7aQA,Dev Detour
UCXuETxBeo2GdK93bE6U5NoQ,http://www.youtube.com/channel/UCXuETxBeo2GdK93bE6U5NoQ,CARNVERSATIONS
UCZ2eIJY0phalm_MG38kE26A,http://www.youtube.com/channel/UCZ2eIJY0phalm_MG38kE26A,Misha Charoudin
UCZH6G3Z5XINU6r92QN1l5Lw,http://www.youtube.com/channel/UCZH6G3Z5XINU6r92QN1l5Lw,SuperSport
UCZSlfzadjnw7G419c_OJ9eg,http://www.youtube.com/channel/UCZSlfzadjnw7G419c_OJ9eg,Mrwhosetheboss Plus
UCZqNme_MY-jl_1ziSr2VMjA,http://www.youtube.com/channel/UCZqNme_MY-jl_1ziSr2VMjA,Kym Illman
UCZzQ9gNE0vjjlZVHn95QRuQ,http://www.youtube.com/channel/UCZzQ9gNE0vjjlZVHn95QRuQ,Mark McCann
UCaY1fW9JOK921VAlMaOnLbQ,http://www.youtube.com/channel/UCaY1fW9JOK921VAlMaOnLbQ,penguinsix
UCadwiWNWe4jhTtzkMyBeHlg,http://www.youtube.com/channel/UCadwiWNWe4jhTtzkMyBeHlg,Wololo Tv
UCbItyvYa6cqvqtwlU2E9-wA,http://www.youtube.com/channel/UCbItyvYa6cqvqtwlU2E9-wA,SteveTheGamer55
UCbLq9tsbo8peV22VxbDAfXA,http://www.youtube.com/channel/UCbLq9tsbo8peV22VxbDAfXA,GSMArena Official
UCbOheST8Fgn_FK-3Gutf0yA,http://www.youtube.com/channel/UCbOheST8Fgn_FK-3Gutf0yA,MEL
UCbqKWUKmchbqi19D8TIJomw,http://www.youtube.com/channel/UCbqKWUKmchbqi19D8TIJomw,Affinity with Dansky
UCc_ycus0q7DSd85ZkmEY5ig,http://www.youtube.com/channel/UCc_ycus0q7DSd85ZkmEY5ig,Waveform Clips
UCdjT0TX-IKlSJxon_oOZ-ag,http://www.youtube.com/channel/UCdjT0TX-IKlSJxon_oOZ-ag,Wynnsanity
UCdngmbVKX1Tgre699-XLlUA,http://www.youtube.com/channel/UCdngmbVKX1Tgre699-XLlUA,TechWorld with Nana
UCdqp0KK_Io7TwK5cJMBvB0Q,http://www.youtube.com/channel/UCdqp0KK_Io7TwK5cJMBvB0Q,WhistlinDiesel
UCiXj0BfxM0WQGFr9mxdR0qg,http://www.youtube.com/channel/UCiXj0BfxM0WQGFr9mxdR0qg,Crazy Kennar
UCiqRV3i2v1OChAY2SVxTTmg,http://www.youtube.com/channel/UCiqRV3i2v1OChAY2SVxTTmg,AI ML User Group KE
UCjpCeTZEihk1ukXodQyRMJg,http://www.youtube.com/channel/UCjpCeTZEihk1ukXodQyRMJg,Lookie63
UCkMnxfaT1BSE7YSpPdv6J3A,http://www.youtube.com/channel/UCkMnxfaT1BSE7YSpPdv6J3A,shanashila
UClj0L8WZrVydk5xKOscI6-A,http://www.youtube.com/channel/UClj0L8WZrVydk5xKOscI6-A,Mercedes-Benz
UCmeeY9kzNswUpbYyJntb3Aw,http://www.youtube.com/channel/UCmeeY9kzNswUpbYyJntb3Aw,PUBG MOBILE Esports
UCqgUrTBGFpsF0-xay-PHwmA,http://www.youtube.com/channel/UCqgUrTBGFpsF0-xay-PHwmA,Tomi Auto
UCqoAEDirJPjEUFcF2FklnBA,http://www.youtube.com/channel/UCqoAEDirJPjEUFcF2FklnBA,StarTalk
UCrQCspFyWW9gfKsLG6fPJJQ,http://www.youtube.com/channel/UCrQCspFyWW9gfKsLG6fPJJQ,Don Bashrah Gaming
UCsBjURrPoezykLs9EqgamOA,http://www.youtube.com/channel/UCsBjURrPoezykLs9EqgamOA,Fireship
UCt9a_qP9CqHCNwilf-iULag,http://www.youtube.com/channel/UCt9a_qP9CqHCNwilf-iULag,PSG - Paris Saint-Germain
UCuCNQ5c1imnoWGFupJ3_QKw,http://www.youtube.com/channel/UCuCNQ5c1imnoWGFupJ3_QKw,AceLawrence
UCuVQmkiETvqmLviDcBtQw4A,http://www.youtube.com/channel/UCuVQmkiETvqmLviDcBtQw4A,Nothing
UCulu1KUYJ_2OBDouc_d-cUA,http://www.youtube.com/channel/UCulu1KUYJ_2OBDouc_d-cUA,Mat Watson Cars
UCv5pP-F3kL94IzjgBB5CDXg,http://www.youtube.com/channel/UCv5pP-F3kL94IzjgBB5CDXg,Waigera
UCvC4D8onUfXzvjTOM-dBfEA,http://www.youtube.com/channel/UCvC4D8onUfXzvjTOM-dBfEA,Marvel Entertainment
UCvTg9BK7sRKwu1H9_VDPYIQ,http://www.youtube.com/channel/UCvTg9BK7sRKwu1H9_VDPYIQ,PUBG MOBILE Esports MEA
UCvhPRRiwI1_p4OBsY0yz6mg,http://www.youtube.com/channel/UCvhPRRiwI1_p4OBsY0yz6mg,BBC News Africa
UCvw3mRp82gn47qdafyb2ZQg,http://www.youtube.com/channel/UCvw3mRp82gn47qdafyb2ZQg,Her Gaming
UCx1WDOZzmyIa1MlK1W3RdOg,http://www.youtube.com/channel/UCx1WDOZzmyIa1MlK1W3RdOg,"It's Related, I Promise"





