Video ID,Playlist Video Creation Timestamp
rcEyi-LpPHw,2025-11-19T06:17:44+00:00
8zXslhe3ZVU,2025-11-19T06:17:44+00:00
e4OmDaUgX_w,2025-11-19T06:17:44+00:00
pfOpfPTLLAg,2025-11-19T06:17:44+00:00
wlo9hEnNTbA,2025-11-19T06:17:44+00:00
wlo9hEnNTbA,2025-11-19T06:17:44+00:00
x_kVXxgrhvE,2025-11-19T06:17:44+00:00
0pNJvz10krg,2025-11-19T06:17:44+00:00
btfkrkukpIg,2025-11-19T06:17:44+00:00
UHV7NgIAJ3I,2025-11-19T06:17:44+00:00
1CKqx8T28fs,2025-11-19T06:17:44+00:00
FXqxIf5xRqU,2025-11-19T06:17:44+00:00
dZjql6tmkB8,2025-11-19T06:17:44+00:00
3TS7XdKuOe4,2025-11-19T06:17:44+00:00
7tQJv6gOQS4,2025-11-19T06:17:44+00:00
mT8X37zN4f4,2025-11-19T06:17:44+00:00
W1qLqWbmPoI,2025-11-19T06:17:44+00:00
fFSuZSmKRRQ,2025-11-19T06:17:44+00:00
JUUhaaxWgA0,2025-11-19T06:17:44+00:00
 -JMBKxypLSI,2025-11-19T06:17:44+00:00
ccd_XRCR_lE,2025-11-19T06:17:44+00:00
qH6Q8fq9w2I,2025-11-19T06:17:44+00:00
sWIzCpMomDg,2025-11-19T06:17:44+00:00
gww-uNcLj1g,2025-11-19T06:17:44+00:00
elyRJ_-t3KA,2025-11-19T06:17:44+00:00
tj4xILg1qOU,2025-11-19T06:17:44+00:00
YtM4eUEB3BI,2025-11-19T06:17:44+00:00
pDwDvUzNCRg,2025-11-19T06:17:44+00:00
kmUYPz-alms,2025-11-19T06:17:44+00:00
jDUlqySNgqo,2025-11-19T06:17:44+00:00
mMKTPesLLoU,2025-11-19T06:17:44+00:00
uY6Qq2XQMUQ,2025-11-19T06:17:44+00:00
lsEDPwXC1bg,2025-11-19T06:17:44+00:00
B3ezQprNc7A,2025-11-19T06:17:44+00:00
tcjkSqYtQ20,2025-11-19T06:17:44+00:00
_e8DRZ7Sgcg,2025-11-19T06:17:44+00:00
uFablYcCgUM,2025-11-19T06:17:44+00:00
KBkNcmPdr8A,2025-11-19T06:17:44+00:00
5v9gz04fYdQ,2025-11-19T06:17:44+00:00
8zXslhe3ZVU,2025-11-19T06:17:44+00:00
GfiEwYW7qJc,2025-11-19T06:17:44+00:00
wVFHL2MSPlo,2025-11-19T06:17:44+00:00
FZNKgYYz0C8,2025-11-19T06:17:44+00:00
ez_ZSuYWp5c,2025-11-19T06:17:44+00:00
q1Ri6bSHPNQ,2025-11-19T06:17:44+00:00





