Live Chat ID,Channel ID,Live Chat Create Timestamp,Price,Video ID,Live Chat Text
UgwE7zVVAnquh1jIXFt4AaABDqgB4JfTmwI.~EKHwzpHWz4CzqQEoAQ.AVzymvjGLu7,UCwm-CZ1MhpOutiaC5jJ2adQ,2026-04-24T17:33:09.470479+00:00,0,mhJRzQsLZGg,
UgzVr18UFbHzSf1LC9Z4AaABDqgBo7ijiwI,UCwm-CZ1MhpOutiaC5jJ2adQ,2026-04-18T18:05:11.146765+00:00,0,hEUSu0RtDkY,"{""text"":""the questions are slow and the quiz is timimg out.""}"
Ugz7DOJzuRHRwPS9iIh4AaABDqgBgdeQhwI,UCwm-CZ1MhpOutiaC5jJ2adQ,2025-08-05T14:23:03.713282+00:00,0,5VfXDY8C5ec,"{""text"":""51240421863""}"
UgwwLnc3tSZcbgATWZd4AaABDqgBnrKTlAI,UCwm-CZ1MhpOutiaC5jJ2adQ,2025-08-05T14:19:40.980508+00:00,0,5VfXDY8C5ec,"{""text"":""51240421863""}"
UgzcYbGYPiuqCLCIyQ14AaABDqgB2cD1ngI,UCwm-CZ1MhpOutiaC5jJ2adQ,2025-07-05T13:03:42.201903+00:00,0,g8uxcb5-3rc,"{""text"":""David from Kenya. My weekend is amazing.""}"
Ugx5dQPnriFap_3-0054AaABDqgB6ufIhgI,UCwm-CZ1MhpOutiaC5jJ2adQ,2025-06-28T18:24:01.757439+00:00,0,Bg0tDT9pGc0,"{""text"":""I am David 😂😂 from Kenya""}"
Ugz0Of2eUiP31F71Kc94AaABDqgByKSUkwI,UCwm-CZ1MhpOutiaC5jJ2adQ,2025-05-31T17:01:46.219932+00:00,0, -ShAEm-yrsY,"{""text"":""David from Nairobi""}"
UgzCqviaQYGFTN1TnmZ4AaABDqgBlbCWgwI,UCwm-CZ1MhpOutiaC5jJ2adQ,2025-05-17T17:04:15.700602+00:00,0,w_mK3z6t9zU,"{""text"":""David from Nairobi, Kenya""}"
Ugy4GHT1aUtHS0MKOm14AaABDqgB7q6piAI,UCwm-CZ1MhpOutiaC5jJ2adQ,2025-05-16T17:42:10.243506+00:00,0,UqW6sdal9YU,"{""text"":""my question is, do you need to manually define the policies at scale? For example, if my model needs to reach a large target audience.""}"
UgxVE1PY1WAa44MPwhp4AaABDqgBucmrmQI,UCwm-CZ1MhpOutiaC5jJ2adQ,2025-05-16T17:40:37.479359+00:00,0,UqW6sdal9YU,"{""text"":""Hello, I am David""}"
Ugwp1uzULJiaygIft0R4AaABDqgBkeqTlQI,UCwm-CZ1MhpOutiaC5jJ2adQ,2025-05-16T17:03:54.734305+00:00,0,UqW6sdal9YU,"{""text"":""David from Kenya""}"
UgyNUt-cSIYXf0rReD14AaABDqgBsOKdmgI,UCwm-CZ1MhpOutiaC5jJ2adQ,2025-01-19T14:48:36.972926+00:00,0,dS8rCG4cL-M,"{""text"":""kakabraza leo tuko huku👋""}"
Ugyesm5Cd2ijVdIG8aV4AaABDqgBqr6KnAI,UCwm-CZ1MhpOutiaC5jJ2adQ,2024-08-17T20:02:06.016943+00:00,0,nfuA__rsTwc,"{""text"":""hallo""}"
Ugxo7_HYfgKPzNEbheR4AaABDqgB_4XtkAI,UCwm-CZ1MhpOutiaC5jJ2adQ,2024-07-07T16:03:53.947794+00:00,0,K9iKzdNHYfI,"{""text"":""anguka nayo😂😂""}"
UgwKVFgO_ghmLcE8Hbp4AaABDqgB-Y-piAI,UCwm-CZ1MhpOutiaC5jJ2adQ,2024-01-02T19:32:05.722557+00:00,0,nhun_DwRaUA,"{""text"":""Giving CJ vibes 😂""}"
UgyJrcJzm-BRjmj_6QN4AaABDqgBmKyTkwI,UCwm-CZ1MhpOutiaC5jJ2adQ,2023-09-20T06:23:57.930486+00:00,0,Rvf4Z7bi3-A,"{""text"":""😂😂desync""}"
UgxaYWXzyvYtO91m7o94AaABDqgBlq6hnQI.9rz9kk8clGK9rzA1EikNDC,UCwm-CZ1MhpOutiaC5jJ2adQ,2023-07-10T08:33:42.365196+00:00,0,6MKXL2Tu9ic,
UgwDPmA8zdKAJVbOylV4AaABDqgB6pfYjQI,UCwm-CZ1MhpOutiaC5jJ2adQ,2023-03-25T19:02:31.453959+00:00,0,hqQoYWuURB4,"{""text"":""hello""}"
UgwsgZf6Y-GozlSk7oR4AaABDqgBmabFnAI,UCwm-CZ1MhpOutiaC5jJ2adQ,2023-03-20T16:25:03.697554+00:00,0,tYs5hkDFUU8,"{""text"":""yooh. Is vipi""}"
UgxsPt0T9kgqS3AnWw14AaABDqgBloHjkQI,UCwm-CZ1MhpOutiaC5jJ2adQ,2023-03-20T07:44:55.86982+00:00,0,oITYvBtCQdM,"{""text"":""big fan from Kenya 🇰🇪""}"
UgxlT5HxJpzQwKXE3Mh4AaABDqgBuOGYjAI,UCwm-CZ1MhpOutiaC5jJ2adQ,2023-03-16T13:28:26.308264+00:00,0,LdbSu62Z20Y,"{""text"":""big fan from Kenya 🇰🇪""}"
Ugw7749D_vrIMHlLZ9B4AaABDqgBoeChmAI,UCwm-CZ1MhpOutiaC5jJ2adQ,2023-03-16T13:21:55.180312+00:00,0,LdbSu62Z20Y,"{""text"":""3""}"
Ugz2NflCzNqWLdDG_hx4AaABDqgButrxigI,UCwm-CZ1MhpOutiaC5jJ2adQ,2023-03-16T13:15:23.733311+00:00,0,LdbSu62Z20Y,"{""text"":""0""}"
UgwtFSa8bthaZ7Tg69l4AaABDqgB_OiDkgI,UCwm-CZ1MhpOutiaC5jJ2adQ,2023-02-08T15:52:30.878404+00:00,0,NcyknGeRkxg,"{""text"":""👋""}"
UgxFtmcMVjTfdLdhwSV4AaABDqgBi9_AgwI,UCwm-CZ1MhpOutiaC5jJ2adQ,2023-02-05T08:24:51.583111+00:00,0,vjuSh4K2Avk,"{""text"":""hello""}"
UgxxG5fnA8kN40JRxXZ4AaABDqgBpqiMhQI,UCwm-CZ1MhpOutiaC5jJ2adQ,2023-02-01T17:42:43.883519+00:00,0,o4iWCfkm8I4,"{""text"":""👋 big fan""}"
UgyirPSsVx9zR2_SrUp4AaABDqgB7O2zkgI,UCwm-CZ1MhpOutiaC5jJ2adQ,2023-01-29T06:27:40.104911+00:00,0,z1krs8o375w,"{""text"":"""",""emoji"":{""customEmojiUrl"":""Failed to get emoji URL""}}"
UgxojnnPvhu1A0fR10B4AaABDqgBtcnbhgI,UCwm-CZ1MhpOutiaC5jJ2adQ,2023-01-02T15:31:11.501292+00:00,0,UlgJr8OMkPY,"{""text"":""fiti bro""}"
UgyaI08yt0c1glkaSw14AaABDqgB69n6mAI,UCwm-CZ1MhpOutiaC5jJ2adQ,2023-01-02T15:30:05.779943+00:00,0,UlgJr8OMkPY,"{""text"":""hello👋🏽""}"
UgxZJgj1pTj0zNfpXf54AaABDqgBgpHMmwI,UCwm-CZ1MhpOutiaC5jJ2adQ,2022-11-26T15:27:29.69021+00:00,0,_LmsnfjuJxw,"{""text"":""fiti bro""}"
UgxLVNrd0gqa3UBhAap4AaABDqgByYTulQI,UCwm-CZ1MhpOutiaC5jJ2adQ,2022-11-26T15:26:28.334266+00:00,0,_LmsnfjuJxw,"{""text"":""hello 👋""}"
Ugy4NAn1fZI6tAM3FX14AaABDqgB0vOllQI,UCwm-CZ1MhpOutiaC5jJ2adQ,2022-11-17T16:11:48.100953+00:00,0,y5Dsjm7oW7A,"{""text"":""freshi bro""}"
UgwZB6Q7xwkOiXL283N4AaABDqgB4_WGhgI,UCwm-CZ1MhpOutiaC5jJ2adQ,2022-11-17T16:09:28.506715+00:00,0,y5Dsjm7oW7A,"{""text"":"""",""emoji"":{""customEmojiUrl"":""https://yt3.googleusercontent.com/KC1AADUNDBoSP4si6Ewmh2eNSUqj9lStUxtyT7d4cxsqtG-G7jPEcjftTOzbiQqe_s10dyC4k48""}}"
Ugx73Lhydc68VQaQC-N4AaABDqgBnoSWiwI,UCwm-CZ1MhpOutiaC5jJ2adQ,2022-11-16T15:52:58.259049+00:00,0,nIDD88vTXE0,"{""text"":""freshi bro""}"
UgzMBddpUIEi3a_KLMN4AaABDqgBsPOdmgI,UCwm-CZ1MhpOutiaC5jJ2adQ,2022-11-16T15:51:29.511269+00:00,0,nIDD88vTXE0,"{""text"":""hello 👋""}"
UgwB-H8gl_YXwh2MGax4AaABDqgBqtTmnAI,UCwm-CZ1MhpOutiaC5jJ2adQ,2022-11-11T15:36:27.016272+00:00,0,q22RgOZQp-I,"{""text"":""poapoa bro""}"
Ugwu7ndXF-8V2fCNe_p4AaABDqgB5YLynQI,UCwm-CZ1MhpOutiaC5jJ2adQ,2022-11-11T15:35:09.742702+00:00,0,q22RgOZQp-I,"{""text"":""🖐️""}"
Ugz55uW8liU1lIdGfz54AaABDqgB2I-XjwI,UCwm-CZ1MhpOutiaC5jJ2adQ,2022-11-07T15:55:50.075505+00:00,0,fVWP9pn_kNc,"{""text"":""our favorite YouTuber 😂""}"
Ugw2L_uqFgUn05VHBod4AaABDqgBhu3cmQI,UCwm-CZ1MhpOutiaC5jJ2adQ,2022-11-03T20:39:11.376468+00:00,0,5PQnnjg_DLg,"{""text"":""kisha hizo gloves ni how much""}"
UgxEZ_8sxk-iut6oPdh4AaABDqgBjsj_ggI,UCwm-CZ1MhpOutiaC5jJ2adQ,2022-11-03T20:38:08.886517+00:00,0,5PQnnjg_DLg,"{""text"":""umepata magic spot pa kukaa😂😂😂""}"
UgwRGGHeucigqXUbvyx4AaABDqgBi8SZkQI,UCwm-CZ1MhpOutiaC5jJ2adQ,2022-10-29T19:12:50.482459+00:00,0,gC2Yuz-6hYk,"{""text"":"""",""emoji"":{""customEmojiUrl"":""https://yt3.googleusercontent.com/2ZL8oeQsThfXajdh3TUd36lfLZb-EoausaFKON2nLvsG-MKg_Puh2l3brQyrjhGpuyAML6Fw""}}"
UgxH4CCDnWqQ9B-MIsF4AaABDqgBmouumAI,UCwm-CZ1MhpOutiaC5jJ2adQ,2022-10-13T20:25:10.781187+00:00,0,GfPSGm-cSQs,"{""text"":""kazi safi""}"
UgwqUv8Zh_bS9wEGEwF4AaABDqgBiKyZmwI,UCwm-CZ1MhpOutiaC5jJ2adQ,2022-10-13T20:20:14.795965+00:00,0,GfPSGm-cSQs,"{""text"":""ms yako ni ngapi 😂😂""}"
Ugxopw4lJDb_1Y_C26d4AaABDqgBl_e_hQI,UCwm-CZ1MhpOutiaC5jJ2adQ,2022-10-02T19:51:45.766393+00:00,0,Ofmv3pv-LSM,"{""text"":""mag moja ya uzi 😂😂""}"
Ugy2y0owm7na9OHFupd4AaABDqgBh7b2jwI,UCwm-CZ1MhpOutiaC5jJ2adQ,2022-09-22T09:06:42.953269+00:00,0,12YZyU1IWpU,"{""text"":""you open the files cabinet to enter the secret room""}"
Ugw_3vIMOl9wRDOUNRl4AaABDqgBqJbqhAI,UCwm-CZ1MhpOutiaC5jJ2adQ,2022-09-19T11:21:37.491838+00:00,0,LIDU1MSHQg8,"{""text"":""Nairobi""}"
UgxPnhUYInE3KgB-jKl4AaABDqgB19qlnQI,UCwm-CZ1MhpOutiaC5jJ2adQ,2022-09-11T05:55:16.545278+00:00,0,8APdrOfGQng,"{""text"":""👍🏾😜""}"
UgwAVRWKb1e6fDsc-ox4AaABDqgB-JCwjQI,UCwm-CZ1MhpOutiaC5jJ2adQ,2022-09-10T10:37:37.927126+00:00,0,nJLsb6Fbn9Y,"{""text"":""🤣🤣🤣🤣""}"
Ugy5BXzteysib1ksnFt4AaABDqgBs5zHlgI,UCwm-CZ1MhpOutiaC5jJ2adQ,2022-08-27T18:46:54.931748+00:00,0,ygSsSWp52LY,"{""text"":""ati after-party 🤣🤣""}"
Ugy41ZvKjl2dW3NmjPh4AaABDqgB8t2tkgI,UCwm-CZ1MhpOutiaC5jJ2adQ,2022-08-16T15:14:36.90034+00:00,0,3XGePO0XFdo,"{""text"":"""",""emoji"":{""customEmojiUrl"":""https://yt3.googleusercontent.com/KC1AADUNDBoSP4si6Ewmh2eNSUqj9lStUxtyT7d4cxsqtG-G7jPEcjftTOzbiQqe_s10dyC4k48""}}"
Ugw62Ale8jVudt-n4R94AaABDqgB3baJjwI,UCwm-CZ1MhpOutiaC5jJ2adQ,2022-08-02T15:20:17.051539+00:00,0,5sCefCGEm-U,"{""text"":""ingia next match uwaonyeshe conqueror gameplay... fox""}"
Ugz9cK6GSm8bW7-IF5d4AaABDqgBmrGcjAI,UCwm-CZ1MhpOutiaC5jJ2adQ,2022-08-02T15:17:15.533907+00:00,0,5sCefCGEm-U,"{""text"":""fox kwani amehepa""}"
UgzwybPkPhccajbkEE14AaABDqgBkLaAhwI,UCwm-CZ1MhpOutiaC5jJ2adQ,2022-08-02T15:04:38.798946+00:00,0,5sCefCGEm-U,"{""text"":""🤣""}"
UgwNp74kJEwcNyYRy8x4AaABDqgBxbCMngI,UCwm-CZ1MhpOutiaC5jJ2adQ,2022-05-28T19:42:21.583684+00:00,0,gQdeawkIozo,"{""text"":""😂😂glitch""}"
UgzC-hp05UIWpNrKxQ94AaABDqgBjZSYjgI,UCwm-CZ1MhpOutiaC5jJ2adQ,2022-05-28T19:34:02.879313+00:00,0,gQdeawkIozo,"{""text"":""👏""}"
Ugz_wrllCdI92OoguN14AaABDqgB0umRlAI,UCwm-CZ1MhpOutiaC5jJ2adQ,2022-04-23T18:46:02.439433+00:00,0,CRddNYd1SC4,"{""text"":""awesome 👍""}"
UgyHC7nwTz6tRbsyBqZ4AaABDqgBi63yggI,UCwm-CZ1MhpOutiaC5jJ2adQ,2022-04-23T18:39:37.28039+00:00,0,CRddNYd1SC4,"{""text"":""hello""}"
UgyknunhpjbQBWUthEV4AaABDqgBuIKniAI,UCwm-CZ1MhpOutiaC5jJ2adQ,2022-04-15T16:27:20.470146+00:00,0,mwjZjpu65CM,"{""text"":""hello""}"
UgzuAjHT2RGvnApoKlV4AaABDqgBr4n2lwI,UCwm-CZ1MhpOutiaC5jJ2adQ,2022-04-01T17:16:47.017418+00:00,0,e9G2fAl1yEc,"{""text"":""unaprefer single shot kuliko auto spray?""}"
UgyiiEQHXB5c1vtSPNh4AaABDqgBltWznAI,UCwm-CZ1MhpOutiaC5jJ2adQ,2022-03-18T15:10:12.386245+00:00,0,WwZqWU97HSM,"{""text"":""👍""}"





