Comment ID,Channel ID,Comment Create Timestamp,Price,Parent Comment ID,Post ID,Video ID,Comment Text,Top-Level Comment ID
UgwCrBK9Bit8GCZMtqZ4AaABAg,UCwm-CZ1MhpOutiaC5jJ2adQ,2026-02-24T16:27:28.123909+00:00,0,,,xuuwjvHtr9g,"{""text"":""1. Three Body Problem""},{""text"":""\n""},{""text"":""2. StarTalk""}",
UgwmQoDFJLEuwyo3Zux4AaABAg,UCwm-CZ1MhpOutiaC5jJ2adQ,2026-01-15T16:33:30.639132+00:00,0,,,1ufoYAQIhu4,"{""text"":""Redmi ingeniously democratizes bleeding-edge tech, fusing flagship oomph with budget-conscious verve, making premium universally swag""}",
UgzIH10Gt2iwSktf-7x4AaABAg,UCwm-CZ1MhpOutiaC5jJ2adQ,2025-11-05T07:57:46.883498+00:00,0,,,826O9YGrGCg,"{""text"":""PUBG Mobile🤩""}",
Ugy266N9-scZAw21EWN4AaABAg,UCwm-CZ1MhpOutiaC5jJ2adQ,2025-11-01T18:44:33.582964+00:00,0,,,a2qb60oFzEM,"{""text"":""Ellis's joke really got me hahahahahahaha ""},{""text"":""6:00"",""videoLink"":{""externalVideoId"":""a2qb60oFzEM"",""startTimeSeconds"":360}}",
UgxvolBxbCZfI-V69qt4AaABAg,UCwm-CZ1MhpOutiaC5jJ2adQ,2025-05-09T19:48:53.825487+00:00,0,,,2X1Zph-yTFQ,"{""text"":""random comment""}",
UgzgcVbpvf36N2OdKjx4AaABAg,UCwm-CZ1MhpOutiaC5jJ2adQ,2025-03-04T11:05:29.582496+00:00,0,,,dBdr4UkD9TY,"{""text"":""chocolate""}",
Ugx_bzi9pGTMXtnl7Ah4AaABAg,UCwm-CZ1MhpOutiaC5jJ2adQ,2025-03-04T08:25:15.337075+00:00,0,,,q3aKjQye2Ag,"{""text"":""The title of the video😂""}",
Ugy-fTJhyorlYVv9J4F4AaABAg,UCwm-CZ1MhpOutiaC5jJ2adQ,2024-12-03T17:21:49.704142+00:00,0,,,T7J0cBNeeqo,"{""text"":""redmagic vs rog phone???""}",
UgzTB6tWdNvWzpra9Th4AaABAg,UCwm-CZ1MhpOutiaC5jJ2adQ,2024-11-08T16:22:44.618252+00:00,0,,,FZzZatxb9KQ,"{""text"":""Ecoflow powerbank looks amazing 🔥""}",
Ugxr_UV7N7A6AZJ-aYd4AaABAg,UCwm-CZ1MhpOutiaC5jJ2adQ,2024-10-12T03:46:08.989626+00:00,0,,,IFthVfjoVOc,"{""text"":""Red magic 🔥""}",
Ugx-aBq1ItvjJON6-l14AaABAg,UCwm-CZ1MhpOutiaC5jJ2adQ,2024-09-24T16:58:08.539676+00:00,0,,,hRfjpEbzvYs,"{""text"":""just here for lols😂""}",
UgxfwRdXHYMH3uHniYZ4AaABAg,UCwm-CZ1MhpOutiaC5jJ2adQ,2024-08-17T12:28:57.558884+00:00,0,,,glL_g2tONTw,"{""text"":""on fire❤\u200d🔥❤\u200d🔥""}",
UgxTAmcXtlmXSN6wcFF4AaABAg,UCwm-CZ1MhpOutiaC5jJ2adQ,2024-06-11T09:09:01.97712+00:00,0,,,MaqasmSVRf0,"{""text"":""The Panzera FLIEGER 45G with the brown strap and black dial and black case looks amazing""}",
UgzVceMCYWHMOgqHD9N4AaABAg,UCwm-CZ1MhpOutiaC5jJ2adQ,2024-05-05T17:57:48.838431+00:00,0,,,9_olmFunEp8,"{""text"":""Gold toothbrush all the way 😅""}",
UgwP6TySxd6-xRdLyFB4AaABAg,UCwm-CZ1MhpOutiaC5jJ2adQ,2024-03-22T13:02:59.300196+00:00,0,,,zrYll_MJTTs,"{""text"":""Much love from Kenya.""}",
UgzDsKsT6DdsRtGpkWp4AaABAg,UCwm-CZ1MhpOutiaC5jJ2adQ,2024-01-25T07:26:40.31139+00:00,0,,,T8OyAIK1dU0,"{""text"":""Stradale AF vs your Stradale on carwow😍""}",
UgzRBfB-f5d-iaQUvV54AaABAg,UCwm-CZ1MhpOutiaC5jJ2adQ,2024-01-01T16:28:12.93428+00:00,0,,,IU81bftz8ac,"{""text"":""Happy New Year🥂""}",
Ugx7ie39MfnC9eu3AYF4AaABAg,UCwm-CZ1MhpOutiaC5jJ2adQ,2023-12-28T14:36:01.886909+00:00,0,,,HaLn45Uvty0,"{""text"":""@Shmee150 and @Carwow ""},{""text"":""\n""},{""text"":""Would love to see on of your cars on carwow.❤🥺""}",
UgwTrQlsVi0-oxbMW7J4AaABAg,UCwm-CZ1MhpOutiaC5jJ2adQ,2023-12-23T20:21:47.44872+00:00,0,,,xfgTQ5sOzrs,"{""text"":""not you creasing them Nikes🥴🥴 ""},{""text"":""18:31"",""videoLink"":{""externalVideoId"":""xfgTQ5sOzrs"",""startTimeSeconds"":1111}}",
UgyoV3f7tJ4OJcCX-k54AaABAg,UCwm-CZ1MhpOutiaC5jJ2adQ,2023-12-22T13:40:37.672744+00:00,0,,,g_LfkQj43Dc,"{""text"":""😂😂hiyo ya kurushiwa viatu""},{""text"":""\n""},{""text"":""Moto🔥🔥🔥""}",
Ugy0_vm9Z_Spf5uVwnZ4AaABAg,UCwm-CZ1MhpOutiaC5jJ2adQ,2023-12-20T23:42:14.015079+00:00,0,,,lYSmz07i9SM,"{""text"":""Can't wait to see the tear down skin😅""}",
UgwNCVkGy5YfKfBSfW14AaABAg.9uq93yRpXxS9uqAfZFRIKa,UCwm-CZ1MhpOutiaC5jJ2adQ,2023-09-19T10:20:21.761766+00:00,0,UgwNCVkGy5YfKfBSfW14AaABAg,,z0mU6OUEp-8,"{""text"":""✋""}",UgwNCVkGy5YfKfBSfW14AaABAg
Ugwj07rnViQGiijOI7F4AaABAg,UCwm-CZ1MhpOutiaC5jJ2adQ,2023-09-14T16:22:58.499664+00:00,0,,,1aRIQWinZHc,"{""text"":""13:07"",""videoLink"":{""externalVideoId"":""1aRIQWinZHc"",""startTimeSeconds"":787}},{""text"":""  ?""}",
Ugwy9W7kwzukLQ3-6up4AaABAg,UCwm-CZ1MhpOutiaC5jJ2adQ,2023-06-27T16:35:45.173778+00:00,0,,,m-4ukB-uP_c,"{""text"":""Andy young🔥🔥""}",
UgybLbQ20H9ndMtTJsd4AaABAg,UCwm-CZ1MhpOutiaC5jJ2adQ,2023-06-03T08:05:27.266475+00:00,0,,,FQkEUUMFMKw,"{""text"":""Big fan from Kenya 🇰🇪""}",
UgxV8S6wjCYz04WLuZd4AaABAg.9qSUujmC7Ad9qTCquBwByK,UCwm-CZ1MhpOutiaC5jJ2adQ,2023-06-02T16:52:02.347038+00:00,0,UgxV8S6wjCYz04WLuZd4AaABAg,,9D6SZfi01p4,"{""text"":""6""}",UgxV8S6wjCYz04WLuZd4AaABAg
Ugy1i0PzwiibAODQUzF4AaABAg,UCwm-CZ1MhpOutiaC5jJ2adQ,2023-05-09T11:41:49.612736+00:00,0,,,Kj7bkzjeTlc,"{""text"":""A dose of Porsche madness😮😂""}",
Ugwa6WW5Qy9xG8cJYw14AaABAg,UCwm-CZ1MhpOutiaC5jJ2adQ,2023-03-19T09:44:34.812035+00:00,0,,,WeoS98pC-4c,"{""text"":""The green one""}",
UgwOXrwJaDvf9VlkWYB4AaABAg,UCwm-CZ1MhpOutiaC5jJ2adQ,2023-03-18T06:19:31.445268+00:00,0,,,X9sGzBc_424,"{""text"":""🔥🔥🔥🔥🔥""}",
UgznRXQJwo4BHwxfL_14AaABAg,UCwm-CZ1MhpOutiaC5jJ2adQ,2023-03-14T04:56:02.898923+00:00,0,,,SqkVQjRAMxk,"{""text"":""Awesome 😎""}",
Ugx9O9PaQ97GHY_IHJV4AaABAg,UCwm-CZ1MhpOutiaC5jJ2adQ,2022-10-20T23:34:18.760064+00:00,0,,,bJLFvarCgNM,"{""text"":""👏👏👍🏾""}",
UgwVI3PqukCMF-iuAWZ4AaABAg,UCwm-CZ1MhpOutiaC5jJ2adQ,2022-10-19T11:25:41.337137+00:00,0,,,ogsR8mwlnJ4,"{""text"":""Kwa status ni only 60uc 😂😂 lakini kwa ground mambo ni different""}",
Ugy-7qB5BY3cRTY4Ibx4AaABAg,UCwm-CZ1MhpOutiaC5jJ2adQ,2022-07-13T00:35:27.877323+00:00,0,,,2fjCjJB9-Eo,"{""text"":""👍🏾👍🏾""}",
Ugx9QIMn9tZg67Qe2E54AaABAg,UCwm-CZ1MhpOutiaC5jJ2adQ,2022-07-11T12:23:25.419178+00:00,0,,,TB3v_l6o84w,"{""text"":""😅😅""}",
UgxGFrVXuLwjfaDnyZ54AaABAg,UCwm-CZ1MhpOutiaC5jJ2adQ,2022-06-28T14:26:34.025192+00:00,0,,,HyrMpd2a3jE,"{""text"":""🤣🤣""}",
UgzxSBzSqwDwV5y8EWR4AaABAg,UCwm-CZ1MhpOutiaC5jJ2adQ,2022-06-27T12:37:14.343986+00:00,0,,,r8fS3lWWNng,"{""text"":""Jesko😍""}",
UgyGcI4k1Ro_0OREOt54AaABAg,UCwm-CZ1MhpOutiaC5jJ2adQ,2022-04-22T17:52:05.964342+00:00,0,,,9X1Z2Hy_UKQ,"{""text"":""👌👌""}",
UgwnjJk1pF8s0efAFM14AaABAg,UCwm-CZ1MhpOutiaC5jJ2adQ,2022-04-14T15:25:34.489771+00:00,0,,,Eh6yiUxBBYo,"{""text"":""Ofcourse you f*""},{""text"":""**""},{""text"":"" up😂😂😂""}",
UgxU07hYDLgCqaeoLLF4AaABAg,UCwm-CZ1MhpOutiaC5jJ2adQ,2022-04-12T17:15:35.409705+00:00,0,,,5VEGIN3oZkY,"{""text"":""😔😔🥺""}",
UgxLqQZmWLWSHOu8T594AaABAg.9_gkyPIbE0E9_i8QwZ5Ro-,UCwm-CZ1MhpOutiaC5jJ2adQ,2022-04-12T08:27:33.191571+00:00,0,UgxLqQZmWLWSHOu8T594AaABAg.9_gkyPIbE0E9_i48BObe1C,,MsFFb9sMWuc,"{""text"":""@彡254彡『ʟT』"",""mention"":{""externalChannelId"":""UCSG-aAh1e4RpIgq8pwIWFPw""}},{""text"":"" niko kila mahali 😂😂""}",UgxLqQZmWLWSHOu8T594AaABAg
UgxLqQZmWLWSHOu8T594AaABAg,UCwm-CZ1MhpOutiaC5jJ2adQ,2022-04-11T19:34:34.023726+00:00,0,,,MsFFb9sMWuc,"{""text"":""Jujamaican accent😂😂""}",
UgxlmMFsjYxF66iHCid4AaABAg,UCwm-CZ1MhpOutiaC5jJ2adQ,2022-04-11T19:22:48.312081+00:00,0,,,eugGn7KPd0w,"{""text"":""👍 nice...""}",
UgxEtQGbAuvutWT1PaB4AaABAg,UCwm-CZ1MhpOutiaC5jJ2adQ,2022-03-19T00:23:52.345786+00:00,0,,,IRUM9C4yWZI,"{""text"":""Ngori 😱""}",
UgwopgpMVtlHaHZ7mFZ4AaABAg,UCwm-CZ1MhpOutiaC5jJ2adQ,2022-03-11T13:21:11.185241+00:00,0,,,T4cyKRSvOfE,"{""text"":""Bango🤣🤣🤣""}",
UgwacZWAiFqsFjB2_dd4AaABAg,UCwm-CZ1MhpOutiaC5jJ2adQ,2022-03-05T14:26:41.113126+00:00,0,,,YR-BmjVPCtQ,"{""text"":""🤣🤣🤣twende lobby""}",
Ugz1TzX4TvRCK8csFXx4AaABAg,UCwm-CZ1MhpOutiaC5jJ2adQ,2021-12-28T18:38:46.439239+00:00,0,,Ugkx9LD0PrIjXXaPHL86KeFtWlPjrqLAULpj,,"{""text"":""Kenya🇰🇪""}",
UgwaqzZm6UM1iEKCTiB4AaABAg,UCwm-CZ1MhpOutiaC5jJ2adQ,2021-12-04T05:16:29.293553+00:00,0,,,nkCeJJ5-QYE,"{""text"":""Nice work guys . Mental health is really important in our society.""}",
Ugz4IYF5CQtlytazs1V4AaABAg,UCwm-CZ1MhpOutiaC5jJ2adQ,2021-08-13T16:01:00.508194+00:00,0,,,vEhW8uLn93k,"{""text"":""🤣🤣🤣🤣bazuu""}",
UgzASj2DhCwHSYwfmVt4AaABAg,UCwm-CZ1MhpOutiaC5jJ2adQ,2021-08-09T17:19:06.231713+00:00,0,,,SwrHjAuNuDI,"{""text"":""Amechoma bana😂😂😂""}",
UgwDOLVW8_z0ZntA5NJ4AaABAg,UCwm-CZ1MhpOutiaC5jJ2adQ,2021-07-13T17:59:28.009103+00:00,0,,,RzN1o27oFE8,"{""text"":""Morio wa mask😁😂""}",
Ugw6GzlVRAhQq6p_Z2t4AaABAg,UCwm-CZ1MhpOutiaC5jJ2adQ,2021-07-11T19:11:28.251906+00:00,0,,,Ffh_zDEoQZA,"{""text"":""😂😂""}",
Ugy7QwOg2Hb2SnmC4kd4AaABAg,UCwm-CZ1MhpOutiaC5jJ2adQ,2021-06-16T04:02:40.639471+00:00,0,,, -gHOEqc7_38,"{""text"":""Kimeumana 🤣🤣🤣""}",
UgxLZqjdha1uQlZDxHh4AaABAg,UCwm-CZ1MhpOutiaC5jJ2adQ,2021-06-12T19:27:41.76328+00:00,0,,,m35i-dYoffQ,"{""text"":""🤣🤣kali bro""}",
UgwQepAA1xvjUQ008wF4AaABAg,UCwm-CZ1MhpOutiaC5jJ2adQ,2021-05-28T04:53:11.762245+00:00,0,,,RYDogDVt3bI,"{""text"":""Kali bro🤣🤣🔥🔥""}",
UgzT9HJLDRdL516oOOZ4AaABAg,UCwm-CZ1MhpOutiaC5jJ2adQ,2021-03-04T10:59:23.988106+00:00,0,,,RqmPRs4q0b0,"{""text"":""🤣🤣🤣""}",
UgwpqMlxRJIS-I2roPx4AaABAg,UCwm-CZ1MhpOutiaC5jJ2adQ,2021-02-13T19:56:27.247491+00:00,0,,,JHOUc1DKasc,"{""text"":""🤣🤣🤣🤣... 👌💯""}",
UgzO7aRObYYA196pRoR4AaABAg,UCwm-CZ1MhpOutiaC5jJ2adQ,2021-02-03T10:41:52.631562+00:00,0,,,Viy3QPl95Vw,"{""text"":""😂😂😂 weeh🤣""}",
UgwDy_GXtGULXQe_zod4AaABAg,UCwm-CZ1MhpOutiaC5jJ2adQ,2021-01-26T13:55:10.746982+00:00,0,,,qCWxCcO-iRM,"{""text"":""😂😂""}",
UgzWtLqva81vcPCcM9R4AaABAg,UCwm-CZ1MhpOutiaC5jJ2adQ,2021-01-24T08:27:02.538408+00:00,0,,,9WZBHaKwJ2w,"{""text"":""It's lit😂😂""}",
UgzcmjnqctHZUN359fd4AaABAg,UCwm-CZ1MhpOutiaC5jJ2adQ,2020-12-02T10:31:33.287595+00:00,0,,,Z0i6dp7bbtA,"{""text"":""Its lit👍... Keep it up""}",





